pka_value,pka_stddev
4.129866533279419,0.22303364580786122
9.72809196472168,0.286284034314768
3.8881607913970946,0.6076778278085607
